{"train_loss_d": [-0.13073953986167908, -0.7579699158668518, -3.0438239574432373, -4.310276031494141, -5.595571517944336, -5.829240798950195, -5.700160503387451, -6.042500019073486, -5.418139457702637, -5.868246078491211], "train_loss_eg": [7.050121784210205, 97.75228881835938, 23.161579132080078, 18.19459342956543, 17.10625457763672, 15.317791938781738, 14.20236873626709, 13.28671646118164, 13.215415954589844, 11.977235794067383], "train_loss_d_average": [0.17546335458755494, 0.2709725147485733, -1.9207283425331116, -3.9929858016967774, -5.3603020286560055, -5.8381241416931156, -6.006402740478515, -6.085155067443847, -6.054442100524902, -5.917328357696533], "train_loss_eg_average": [13.348569412231445, 596.7245248413086, 49.09827529907226, 23.36945426940918, 20.185764923095704, 18.225127182006837, 16.58851760864258, 15.582213134765626, 14.657911376953125, 13.850521850585938], "valid_loss": [611.2749886512756, 124.51784261067708, 32.45228417714437, 20.33655579884847, 15.964630683263143, 13.263362805048624, 11.390803813934326, 10.005915721257528, 9.016992727915445, 8.27664883931478], "epochs": [1, 2, 3, 4, 5, 6, 7, 8, 9, 10]}